{
  "model": "Pipeline",
  "best_params": {
    "n_estimators": 112,
    "max_depth": 3,
    "min_samples_split": 48,
    "min_samples_leaf": 13,
    "max_features": "log2",
    "bootstrap": false,
    "sl_atr_mult": 1.9178786373554795,
    "tp_atr_mult": 4.646938976882123,
    "max_hold_days": 11,
    "stop_loss_pct": 0.015252504895476067,
    "take_profit_pct": 0.034957421476901736,
    "min_trades_thr": 31,
    "proba_step": 0.00906025087693984,
    "ret_step": 0.001920250848516803,
    "ret_min": 0.015399421427800172,
    "ret_max": 0.01825022497951199,
    "atr_col": "atr_7",
    "bag_n_estimators": 104,
    "bag_max_samples": 0.9564044008301151,
    "bag_max_features": 0.9581633890224763,
    "logreg_C": 9.943825745025585,
    "weight_pnl": 0.5987029988115915,
    "pnl_scale": 52.68999259608382
  },
  "rf_params": {
    "n_estimators": 112,
    "max_depth": 3,
    "min_samples_split": 48,
    "min_samples_leaf": 13,
    "max_features": "log2",
    "bootstrap": false,
    "random_state": 42,
    "n_jobs": -1,
    "class_weight": "balanced"
  },
  "trade_params": {
    "stop_loss": 0.03,
    "take_profit": 0.05,
    "max_hold_days": 11,
    "atr_col": "atr_14",
    "sl_atr_mult": 1.9178786373554795,
    "tp_atr_mult": 4.646938976882123
  },
  "features_used": [
    "returns",
    "log_returns",
    "sma_ratio",
    "sma_7",
    "sma_21",
    "logret_std_1",
    "logret_std_7",
    "logret_std_14",
    "logret_std_21",
    "logret_std_28",
    "logret_mean_7",
    "logret_cum_7",
    "logret_skew_14",
    "logret_kurt_14",
    "atr_14",
    "atr_pct",
    "atr_pct_7",
    "atr_pct_21",
    "range_pct",
    "range_vol_14",
    "body_pct",
    "upper_wick_pct",
    "lower_wick_pct",
    "volume_ratio",
    "log_volume_diff",
    "obv_delta",
    "macd",
    "macd_signal",
    "macd_hist",
    "rsi_14",
    "hour_sin",
    "hour_cos"
  ],
  "target_horizon": 24,
  "metrics": {
    "train": {
      "train_accuracy": 0.6225622419019884,
      "train_precision": 0.4434527304756312,
      "train_recall": 0.5438571222814346,
      "train_f1": 0.48854961832061067,
      "train_roc_auc": 0.6614064794638566
    },
    "validation": {
      "val_best_accuracy": 0.7236421725239617,
      "val_best_precision": 0.34057971014492755,
      "val_best_recall": 0.03507462686567164,
      "val_best_f1": 0.06359945872801083,
      "val_best_roc_auc": 0.5571853789937988
    },
    "test": {
      "test_accuracy": 0.7116613418530351,
      "test_precision": 0.2761904761904762,
      "test_recall": 0.04296296296296296,
      "test_f1": 0.07435897435897436,
      "test_roc_auc": 0.5330214851264605
    }
  },
  "trading_results": {
    "pnl_test": -4.2413934663611546,
    "final_capital": 9575.860653363885,
    "num_trades": 18,
    "max_drawdown": 8.729055894480302
  },
  "horizon_analysis": [
    {
      "horizon": 6,
      "f1": 0.2947080291970803,
      "accuracy": 0.6912939297124601,
      "pnl": -37.010525744684195,
      "trades": 159
    },
    {
      "horizon": 12,
      "f1": 0.28890128276631344,
      "accuracy": 0.7454073482428115,
      "pnl": -27.711376823279167,
      "trades": 106
    },
    {
      "horizon": 24,
      "f1": 0.25756847669389715,
      "accuracy": 0.6914936102236422,
      "pnl": -22.21532175851838,
      "trades": 106
    }
  ],
  "metadata": {
    "created_date": "2025-12-11T13:31:05.826670",
    "phase": 2,
    "data_version": "2025-12-11T01:51:31.657818"
  }
}