{
  "model": "RandomForestClassifier",
  "best_params": {
    "n_estimators": 156,
    "max_depth": 3,
    "min_samples_split": 49,
    "min_samples_leaf": 12,
    "max_features": "log2",
    "bootstrap": false,
    "sl_atr_mult": 1.9953370826463817,
    "tp_atr_mult": 3.6729754256137266,
    "max_hold_days": 12,
    "stop_loss_pct": 0.027555154601495525,
    "take_profit_pct": 0.03597508889792423,
    "min_trades_thr": 43,
    "proba_step": 0.005014186067025883,
    "ret_step": 0.0017021405273919183,
    "ret_min": 0.012582275007644379,
    "ret_max": 0.013452734178101201,
    "atr_col": "atr_7",
    "bag_n_estimators": 104,
    "bag_max_samples": 0.9646630064704538,
    "bag_max_features": 0.8777104556364779,
    "logreg_C": 7.915117839084133,
    "weight_pnl": 0.4440777036783168,
    "pnl_scale": 62.377398205968916
  },
  "rf_params": {
    "n_estimators": 156,
    "max_depth": 3,
    "min_samples_split": 49,
    "min_samples_leaf": 12,
    "max_features": "log2",
    "bootstrap": false,
    "random_state": 42,
    "n_jobs": -1,
    "class_weight": "balanced"
  },
  "trade_params": {
    "stop_loss": 0.03,
    "take_profit": 0.05,
    "max_hold_days": 12,
    "atr_col": "atr_14",
    "sl_atr_mult": 1.9953370826463817,
    "tp_atr_mult": 3.6729754256137266
  },
  "features_used": [
    "returns",
    "log_returns",
    "sma_ratio",
    "logret_std_1",
    "logret_std_7",
    "logret_std_14",
    "logret_std_21",
    "logret_std_28",
    "logret_mean_7",
    "logret_cum_7",
    "logret_skew_14",
    "logret_kurt_14",
    "atr_14",
    "atr_pct",
    "atr_pct_7",
    "atr_pct_21",
    "range_pct",
    "range_vol_14",
    "body_pct",
    "upper_wick_pct",
    "lower_wick_pct",
    "volume_ratio",
    "log_volume_diff",
    "obv_delta",
    "macd",
    "macd_signal",
    "macd_hist",
    "rsi_14",
    "hour_sin",
    "hour_cos"
  ],
  "target_horizon": 24,
  "metrics": {
    "train": {
      "train_accuracy": 0.6828348411429117,
      "train_precision": 0.5214833943045692,
      "train_recall": 0.5235488981708195,
      "train_f1": 0.5225141050059295,
      "train_roc_auc": 0.7103562566900301
    },
    "validation": {
      "val_best_accuracy": 0.7106629392971247,
      "val_best_precision": 0.33534743202416917,
      "val_best_recall": 0.08283582089552238,
      "val_best_f1": 0.13285457809694792,
      "val_best_roc_auc": 0.5364354278227185
    },
    "test": {
      "test_accuracy": 0.7072683706070287,
      "test_precision": 0.3669724770642202,
      "test_recall": 0.11851851851851852,
      "test_f1": 0.1791713325867861,
      "test_roc_auc": 0.5203369580624911
    }
  },
  "trading_results": {
    "pnl_test": -8.426449580422378,
    "final_capital": 9157.355041957762,
    "num_trades": 42,
    "max_drawdown": 12.261701110050991
  },
  "horizon_analysis": [
    {
      "horizon": 6,
      "f1": 0.2897238569488456,
      "accuracy": 0.6867012779552716,
      "pnl": -36.2026114910552,
      "trades": 161
    },
    {
      "horizon": 12,
      "f1": 0.29637526652452023,
      "accuracy": 0.7364217252396166,
      "pnl": -26.594689238721227,
      "trades": 102
    },
    {
      "horizon": 24,
      "f1": 0.26649191786806464,
      "accuracy": 0.6647364217252396,
      "pnl": -31.508486759589882,
      "trades": 118
    }
  ],
  "metadata": {
    "created_date": "2025-12-11T13:33:48.655815",
    "phase": 2,
    "data_version": "2025-12-11T01:51:31.657818"
  }
}