{
  "model": "Pipeline",
  "best_params": {
    "n_estimators": 173,
    "max_depth": 9,
    "min_samples_split": 79,
    "min_samples_leaf": 13,
    "max_features": "log2",
    "bootstrap": true,
    "sl_atr_mult": 1.9126511669634658,
    "tp_atr_mult": 3.7649711554736967,
    "max_hold_days": 8,
    "stop_loss_pct": 0.02561017870659472,
    "take_profit_pct": 0.05319625765452281,
    "min_trades_thr": 28,
    "proba_step": 0.01591901501936976,
    "ret_step": 0.0010547924786283142,
    "ret_min": 0.007064945574586469,
    "ret_max": 0.014518398081264235,
    "atr_col": "atr_21",
    "bag_n_estimators": 99,
    "bag_max_samples": 0.873790195442517,
    "bag_max_features": 0.7985977827139895,
    "logreg_C": 0.2125893559056572,
    "weight_pnl": 0.5579608600749271,
    "pnl_scale": 67.5388986128968
  },
  "rf_params": {
    "n_estimators": 173,
    "max_depth": 9,
    "min_samples_split": 79,
    "min_samples_leaf": 13,
    "max_features": "log2",
    "bootstrap": true,
    "random_state": 42,
    "n_jobs": -1,
    "class_weight": "balanced"
  },
  "trade_params": {
    "stop_loss": 0.03,
    "take_profit": 0.05,
    "max_hold_days": 8,
    "atr_col": "atr_14",
    "sl_atr_mult": 1.9126511669634658,
    "tp_atr_mult": 3.7649711554736967
  },
  "features_used": [
    "returns",
    "log_returns",
    "sma_ratio",
    "logret_std_1",
    "logret_std_7",
    "logret_std_14",
    "logret_std_21",
    "logret_std_28",
    "logret_mean_7",
    "logret_cum_7",
    "logret_skew_14",
    "logret_kurt_14",
    "atr_14",
    "atr_pct",
    "atr_pct_7",
    "atr_pct_21",
    "range_pct",
    "range_vol_14",
    "body_pct",
    "upper_wick_pct",
    "lower_wick_pct",
    "volume_ratio",
    "log_volume_diff",
    "obv_delta",
    "macd",
    "macd_signal",
    "macd_hist",
    "rsi_14",
    "hour_sin",
    "hour_cos"
  ],
  "target_horizon": 15,
  "metrics": {
    "train": {
      "train_accuracy": 0.9799535538730928,
      "train_precision": 0.15809498819207557,
      "train_recall": 0.18922738693467336,
      "train_f1": 0.17226590421729807,
      "train_roc_auc": 0.8346713206493955
    },
    "validation": {
      "val_best_accuracy": 0.9962253812669325,
      "val_best_precision": 0.18867924528301888,
      "val_best_recall": 0.02159827213822894,
      "val_best_f1": 0.03875968992248062,
      "val_best_roc_auc": 0.9095092256527652
    },
    "test": {
      "test_accuracy": 0.9966552719985855,
      "test_precision": 0.2857142857142857,
      "test_recall": 0.008928571428571428,
      "test_f1": 0.017316017316017316,
      "test_roc_auc": 0.9175076635452833
    }
  },
  "trading_results": {
    "pnl_test": 0.5433187625893288,
    "final_capital": 10054.331876258933,
    "num_trades": 6,
    "max_drawdown": 1.5893145150420243
  },
  "horizon_analysis": [],
  "metadata": {
    "created_date": "2025-12-12T19:04:11.497206",
    "phase": 2,
    "data_version": "2025-12-12T01:48:37.412877"
  }
}