{
  "best_params": {
    "thr_long": 0.5943962233115141,
    "thr_short": 0.5452861840022991,
    "min_confidence": 0.05010305677155944,
    "stop_mult": 3.909726253629285,
    "take_mult": 0.6733841570835483
  },
  "fast_stats": {
    "trades": 25,
    "capital": 10802.36650606423,
    "pnl": 802.3665060642306,
    "pnl_pct": 8.023665060642307,
    "win_rate": 76.0,
    "pf": 4.649742156655405,
    "max_dd": 7.559830202302987,
    "wins": 19,
    "losses": 6
  },
  "current_params": {
    "thr_long": 0.5955453612095308,
    "thr_short": 0.5149345243015963,
    "min_confidence": 0.16730859255764524,
    "stop_mult": 2.9993615983192856,
    "take_mult": 0.8883272612909197,
    "trailing_mult": 0.5,
    "breakeven_mult": 0.5,
    "exit_confidence_drop": 0.15
  },
  "current_stats": {
    "trades": 44,
    "capital": 10841.947725793463,
    "pnl": 841.9477257934632,
    "pnl_pct": 8.419477257934632,
    "win_rate": 63.63636363636363,
    "pf": 3.135831904457982,
    "max_dd": 7.975040857720598,
    "wins": 28,
    "losses": 16
  },
  "timestamp": "2025-12-30T18:38:27.440191"
}