{
  "horizon": 15,
  "metrics": {
    "accuracy": 0.49249794865783614,
    "precision": 0.49236936947513,
    "recall": 0.9987260388141446,
    "f1": 0.6595716240230228,
    "roc_auc": 0.505588958888525
  },
  "pnl": -39.20851251251018,
  "sharpe": 5.033601330709987,
  "max_drawdown": 45.33507475583512,
  "trades": {
    "total_trades": 2245,
    "winning_trades": 1096,
    "losing_trades": 1149,
    "win_rate": 0.488195991091314,
    "avg_win_pct": 0.003507891509978838,
    "avg_loss_pct": -0.003572568684949394,
    "profit_factor": 0.24195642126355035,
    "largest_win_pct": 0.021188414190996818,
    "largest_loss_pct": -0.019478852467624597,
    "avg_holding_minutes": 26.98434004474273
  },
  "best_params": {
    "n_estimators": 118,
    "max_depth": 8,
    "min_samples_split": 29,
    "min_samples_leaf": 8,
    "threshold": 0.4228395265738468
  }
}