{
  "horizon": 10,
  "metrics": {
    "accuracy": 0.4929501561743874,
    "precision": 0.49288799625828816,
    "recall": 0.9994867274411131,
    "f1": 0.6602028331785551,
    "roc_auc": 0.5066725554245387
  },
  "pnl": -45.31354741591387,
  "sharpe": 4.855169512916325,
  "max_drawdown": 45.35562787217857,
  "trades": {
    "total_trades": 2246,
    "winning_trades": 1096,
    "losing_trades": 1150,
    "win_rate": 0.4879786286731968,
    "avg_win_pct": 0.003511296684544517,
    "avg_loss_pct": -0.0035761408009948145,
    "profit_factor": 0.2421080703638493,
    "largest_win_pct": 0.021188414190996818,
    "largest_loss_pct": -0.019478852467624597,
    "avg_holding_minutes": 26.973142345568487
  },
  "best_params": {
    "n_estimators": 165,
    "max_depth": 10,
    "min_samples_split": 30,
    "min_samples_leaf": 6,
    "threshold": 0.40023256004025176
  }
}